Zone,NE Catchment 2,SW Catchment 4,SW Catchment 2,NE Catchment 3,SW Catchment 5,SW Catchment 7,Upper Lake,Lower Lake,Lower Middle Lake,Upper Middle Lake,NW Catchment,Outlet Catchment,SW Catchment 6,NE Catchment 4,SW Catchment 3,SW Catchment 1,NE Catchment 1
0-63639,176,51,87,81,191,15,17763,6579,25485,21765,394,83,229,148,322,169,162
63639-90000,506,104,204,276,514,47,32,62,48,69,1134,239,721,393,1041,448,490
90000-12727,458,109,190,258,548,38,1,28,1,2,1103,242,694,439,1034,413,516
12727-14230,370,90,153,210,382,27,17,37,29,27,792,172,505,339,729,270,322
14230-18000,998,224,401,502,1003,78,18,86,37,33,2216,421,1436,876,2041,857,975
18000-19091,637,128,275,322,629,47,8,93,13,15,1367,272,833,515,1333,627,623
19091-20124,522,116,203,251,519,56,22,42,34,35,1115,247,701,421,984,423,465
20124-22945,939,202,350,503,888,79,8,63,10,19,2057,413,1268,795,1883,733,869
22945-25455,910,227,353,455,828,65,3,59,11,8,1865,350,1259,818,1777,687,903
25455-26239,555,124,227,332,530,31,22,42,33,33,1305,267,783,474,1147,481,544
26239-27000,900,245,357,491,787,55,6,50,6,14,1842,343,1176,830,1854,628,867
27000-28460,431,85,161,238,383,26,0,17,0,0,906,182,575,370,869,312,469
28460-31819,649,137,235,357,595,46,3,42,9,7,1406,254,907,656,1286,412,655
31819-32450,1298,289,442,665,1166,76,23,68,34,38,2533,476,1677,1075,2489,892,1205
32450-34271,781,181,301,423,739,64,3,29,7,8,1755,334,1135,764,1583,571,787
34271-36000,850,191,308,468,824,65,7,32,10,12,1811,346,1128,817,1696,611,867
36000-37108,505,93,156,256,413,32,0,22,0,3,1013,220,631,446,958,361,497
37108-38183,727,175,271,397,670,67,3,38,6,5,1529,277,1060,724,1450,499,701
38183-38710,285,65,112,157,248,28,20,14,21,23,593,109,425,255,539,190,246
38710-40249,789,166,308,402,605,57,2,25,3,2,1508,304,1076,711,1470,477,753
40249-40749,907,205,357,504,788,75,2,24,7,4,1882,332,1219,813,1834,619,867
40749-42690,684,131,248,402,602,54,2,22,7,5,1288,235,956,568,1324,390,700
42690-44547,641,176,201,365,538,53,3,26,6,11,1314,237,915,595,1235,425,606
44547-45000,354,86,143,190,291,35,12,16,27,27,705,142,503,356,765,252,366
45000-45891,976,195,367,496,791,72,2,28,3,5,1846,376,1405,931,1850,609,913
45891-46330,528,106,167,275,417,38,5,23,1,4,996,162,716,479,978,293,528
46330-48466,629,147,209,337,474,41,2,20,1,5,1116,200,823,578,1175,303,579
48466-49704,639,117,226,341,549,37,3,22,8,11,1182,196,861,623,1244,372,583
49704-50911,697,160,221,357,558,45,1,23,2,2,1208,223,873,569,1254,388,622
50911-51307,374,90,129,187,303,32,15,10,22,28,670,134,476,342,703,215,351
51307-52478,1308,258,411,669,1026,88,6,50,2,1,2363,414,1712,1155,2362,736,1183
52478-54000,508,112,139,241,381,37,3,8,2,7,874,136,678,476,888,255,422
54000-54373,333,78,108,168,283,18,0,11,3,1,588,108,470,312,596,202,329
54373-54744,611,121,168,314,465,37,8,12,7,6,1097,198,778,556,1062,306,526
54744-56921,557,122,164,268,437,34,3,14,2,2,964,162,747,539,1029,310,481
56921-57275,623,132,196,319,541,35,4,14,14,9,1173,211,804,559,1186,318,620
57275-57628,269,73,70,134,173,22,3,6,11,19,444,74,324,231,433,118,209
57628-58672,584,132,170,310,411,33,0,12,0,0,924,153,681,506,973,263,509
58672-60037,1057,232,320,587,799,73,2,36,5,1,1862,342,1314,1014,1853,547,1013
60037-60373,497,130,171,270,370,30,3,11,4,1,762,145,632,447,878,232,461
60373-62677,542,118,160,269,388,32,4,10,2,0,851,135,640,472,933,269,481
62677-63000,495,99,130,227,320,27,7,10,5,13,716,127,592,393,764,206,415
63000-63601,220,56,78,117,171,17,1,8,0,2,413,77,326,215,443,106,237
63601-63957,637,145,162,294,472,32,7,9,6,11,985,166,814,561,1016,268,534
63957-64899,454,129,149,230,305,32,0,7,0,0,723,134,671,427,868,213,414
64899-65521,621,145,142,297,379,28,0,8,0,1,861,163,662,513,965,252,519
65521-66441,466,112,138,217,347,28,4,8,4,3,755,109,577,373,746,228,389
66441-67649,430,104,130,225,315,39,0,7,3,1,677,115,556,350,788,191,389
67649-68542,462,113,151,227,312,27,2,7,3,2,752,134,605,381,787,246,397
68542-68836,366,93,96,166,270,22,2,3,8,6,586,83,504,304,654,158,340
68836-70003,487,100,138,193,342,23,1,12,1,1,745,129,594,360,780,206,429
70003-70292,246,47,72,115,150,19,3,6,4,9,343,61,298,172,376,108,197
70292-71151,428,94,119,222,282,24,4,3,1,2,613,93,520,358,706,181,342
71151-72000,808,196,207,417,572,41,7,17,10,10,1212,218,1005,664,1347,351,649
72000-72560,211,52,53,114,185,13,0,1,0,0,373,59,298,181,363,97,198
72560-74215,765,192,199,374,561,52,0,15,4,1,1189,179,1032,638,1341,370,745
74215-74488,431,119,113,227,293,31,3,11,0,2,658,105,561,376,756,179,399
74488-76367,403,83,139,199,289,28,3,8,3,4,631,98,521,344,689,165,368
76367-76632,199,42,51,111,137,15,0,5,2,2,279,43,240,171,350,65,181
76632-76896,691,181,210,330,505,36,1,9,6,2,972,169,843,550,1164,301,615
76896-77420,347,101,91,166,239,15,3,1,6,10,527,96,444,333,553,162,318
77420-77682,319,70,90,165,229,16,0,5,0,0,484,70,368,304,518,122,270
77682-78717,293,58,84,162,232,21,1,7,3,2,483,93,409,266,552,120,302
78717-79740,343,83,96,161,231,18,0,3,3,0,507,88,433,277,566,144,290
79740-80498,253,61,91,161,220,18,3,3,1,5,467,71,413,268,501,130,259
80498-81000,370,86,107,186,253,29,0,4,1,6,486,78,501,336,597,163,327
81000-81498,162,27,43,67,115,10,2,1,0,1,232,40,228,143,242,60,124
81498-82731,237,57,74,161,190,13,1,4,2,4,433,77,378,243,394,117,246
82731-82975,433,108,95,200,315,28,2,6,4,11,622,102,589,371,699,168,383
82975-83704,611,153,139,278,439,25,3,6,3,1,841,144,792,539,998,261,484
83704-84905,356,84,83,171,206,18,1,0,1,0,464,92,410,297,576,152,269
84905-85381,292,68,70,151,195,20,0,2,0,0,375,68,366,233,498,102,269
85381-85618,239,72,60,129,181,12,6,4,3,6,317,48,344,224,398,105,217
85618-86559,275,64,81,149,224,20,2,4,3,4,409,83,398,262,479,126,268
86559-88411,524,135,123,283,383,25,2,4,4,1,728,125,727,457,863,252,466
88411-88639,259,55,63,120,181,17,2,3,6,5,367,69,348,205,419,104,214
88639-89095,283,66,59,126,174,9,3,1,1,5,364,58,356,259,435,101,219
89095-89322,152,35,36,60,88,5,0,2,2,1,179,22,135,104,181,48,100
89322-90001,293,55,65,127,188,18,2,2,0,3,311,62,354,240,429,98,258
90001-90448,414,103,100,190,280,13,3,8,1,4,531,96,533,355,697,163,338
90448-91118,222,57,62,113,172,13,1,6,2,2,349,63,343,210,390,112,222
91118-91782,521,123,99,281,336,34,5,8,6,6,680,111,646,455,839,219,418
91782-92660,223,76,61,139,183,7,1,3,3,1,350,55,315,231,427,121,227
92660-93962,206,58,51,114,146,10,0,0,0,0,313,51,296,211,338,79,187
93962-94607,209,53,49,116,163,7,4,1,4,2,294,56,275,185,355,87,185
94607-95459,441,94,111,211,259,22,2,3,5,7,602,123,580,402,665,193,378
95459-95671,310,78,54,162,203,16,3,2,0,3,430,78,395,264,502,120,253
95671-96304,213,60,50,130,155,10,0,2,0,0,243,54,292,206,306,70,170
96304-96933,223,54,46,111,133,11,0,0,0,0,244,45,289,170,306,77,178
96933-97141,194,67,57,113,166,14,0,2,4,3,283,51,292,189,370,80,224
97141-97349,185,51,43,88,132,11,1,0,0,3,253,47,263,137,292,76,160
97349-98795,225,52,42,103,130,10,0,3,0,0,257,55,288,187,352,66,178
98795-99000,212,76,54,109,139,9,0,2,0,1,265,63,269,179,359,76,200
99000-99408,98,28,28,58,56,4,2,2,0,3,160,33,150,67,175,38,85
99408-99611,165,43,34,79,120,8,1,3,3,1,259,50,225,138,284,67,145
99611-100600,193,48,38,86,127,11,4,3,4,8,250,43,259,153,263,68,157
100600-101800,345,88,81,180,240,21,0,2,0,0,526,87,490,298,589,179,336
101800-102000,112,30,19,50,56,8,1,1,0,1,104,30,120,77,171,42,77
102000-102600,203,53,30,81,119,6,0,4,1,0,243,40,246,179,285,77,155
102600-102800,364,86,64,168,224,21,2,1,0,1,436,69,458,282,559,142,276
102800-103500,181,54,24,101,125,4,1,1,1,3,212,31,228,169,250,74,136
103500-104300,347,76,89,170,245,12,1,4,5,2,439,78,467,294,574,141,310
104300-104900,173,43,42,82,95,10,4,5,0,2,252,41,232,132,284,79,166
104900-105300,210,49,32,75,121,9,0,1,0,0,229,51,242,164,286,60,160
105300-105900,158,40,35,82,92,5,2,0,6,8,230,39,248,120,311,71,134
105900-106600,149,43,34,91,105,7,0,1,1,0,206,39,225,128,301,55,136
106600-108000,145,29,28,85,105,10,0,0,0,1,174,40,226,148,232,53,172
108000-108100,57,17,20,46,47,4,0,0,2,1,108,24,98,54,124,29,66
108100-108300,264,60,46,117,150,15,2,4,7,4,313,32,338,213,346,86,210
108300-108700,318,69,53,148,189,15,2,3,2,2,371,79,438,240,443,107,258
108700-108900,135,45,36,66,91,1,0,1,1,0,191,23,192,124,228,53,124
108900-109400,191,43,27,88,111,10,0,0,1,1,198,36,219,143,232,60,134
109400-109800,138,37,15,72,105,8,0,0,3,2,193,41,216,138,244,63,126
109800-111100,161,33,25,74,78,11,0,0,1,0,175,41,185,124,212,50,103
111100-111300,265,74,47,127,175,6,2,2,0,3,348,58,385,219,426,113,243
111300-112500,121,40,26,57,96,3,0,1,0,1,166,32,197,86,254,51,135
112500-112700,105,35,30,63,90,4,1,3,3,0,157,37,190,101,204,52,99
112700-113300,163,33,21,68,98,5,1,2,0,0,157,26,187,99,204,49,120
113300-113800,115,31,27,51,73,4,0,3,0,0,150,30,192,87,199,56,100
113800-114500,141,41,41,70,91,4,3,3,4,6,150,21,209,98,191,52,117
114500-114700,61,18,8,30,42,6,0,0,0,0,68,13,74,48,92,12,49
114700-115200,425,93,72,168,275,23,0,3,0,1,451,85,571,325,522,153,345
115200-116100,142,38,24,73,86,8,0,4,1,2,178,35,169,106,218,44,109
116100-116800,118,36,27,69,82,5,0,0,0,1,145,35,182,92,162,53,112
116800-117000,109,26,21,62,66,10,0,1,1,2,161,23,164,92,170,60,94
117000-117300,180,48,30,85,135,3,1,0,1,2,205,39,261,162,279,79,147
117300-118300,217,52,32,107,155,12,1,0,2,1,299,58,300,202,372,83,171
118300-118800,105,34,15,46,92,3,1,2,1,0,139,30,152,81,186,41,111
118800-119500,136,21,18,70,77,3,0,0,0,3,137,28,151,87,195,34,105
119500-120000,97,22,33,48,78,4,2,0,3,4,127,16,146,89,160,43,95
120000-120700,91,35,19,58,79,2,0,1,0,0,130,25,158,89,160,34,85
120700-120900,108,33,21,61,78,5,0,2,0,1,121,35,171,98,143,44,79
120900-121000,60,16,10,26,36,2,0,0,1,3,69,21,66,42,75,20,44
121000-121500,113,23,19,61,41,5,1,1,0,1,131,19,140,98,150,34,108
121500-122200,190,67,44,85,151,10,3,4,2,2,228,52,291,176,321,81,155
122200-122400,79,22,20,39,77,3,0,0,2,2,139,28,164,76,156,42,86
122400-122900,197,47,50,92,122,5,2,1,4,3,241,47,273,162,339,67,163
122900-123500,99,24,19,52,70,7,2,0,0,2,116,25,146,84,161,31,75
123500-125000,209,62,36,107,140,10,0,2,0,1,240,38,290,156,307,79,162
125000-125300,93,31,7,52,75,10,1,0,0,0,110,17,130,92,146,36,88
125300-125500,95,22,24,45,66,1,3,1,1,4,132,8,141,65,108,34,73
125500-126000,95,26,13,49,58,4,0,1,0,0,108,28,137,73,162,28,92
126000-126300,44,12,7,24,30,0,0,2,2,1,44,12,82,43,71,21,37
126300-126800,82,25,17,43,81,1,1,7,3,0,100,31,129,77,142,36,72
126800-127200,86,21,13,45,63,3,0,0,0,0,93,17,140,64,119,35,83
127200-127400,131,32,26,54,94,8,0,2,0,0,163,40,180,104,212,47,112
127400-127900,93,19,14,53,50,6,1,0,3,0,121,24,127,66,123,33,87
127900-128000,82,27,12,37,59,5,0,1,0,0,94,21,125,86,121,33,42
128000-128700,75,27,18,36,67,6,0,2,5,7,109,21,119,65,131,38,61
128700-128800,116,28,15,43,56,1,0,0,2,1,96,18,126,79,117,28,58
128800-129800,141,49,29,69,121,6,0,1,0,0,204,36,255,143,251,55,142
129800-130500,86,26,14,45,48,5,1,0,0,0,99,19,128,74,135,20,52
130500-131000,66,18,11,40,60,2,0,6,2,0,90,20,119,40,114,32,54
131000-131100,76,18,19,46,50,5,1,1,0,1,82,18,110,69,109,33,54
131100-132400,224,70,40,94,152,9,2,3,0,5,266,61,324,187,351,101,166
132400-132800,64,20,21,38,54,4,0,3,0,1,73,20,108,59,121,37,61
132800-133600,82,21,11,46,49,1,0,1,0,0,87,17,108,58,113,23,66
133600-133700,45,10,1,23,21,3,0,0,0,1,44,12,48,30,41,13,25
133700-134200,149,35,25,73,74,7,3,0,2,3,181,38,195,100,194,53,118
134200-134800,141,46,21,56,103,7,1,2,0,1,180,42,221,120,203,61,121
134800-135000,62,28,22,32,41,2,0,0,0,1,71,10,95,65,103,26,67
135000-135300,93,26,17,54,72,0,0,2,0,0,108,28,162,77,166,44,85
135300-136000,39,22,13,36,43,3,1,0,0,5,81,19,97,42,111,34,43
136000-136100,68,16,12,32,49,3,0,0,0,0,86,21,86,57,102,25,44
136100-136600,42,26,13,28,54,4,2,0,1,0,73,19,107,49,114,31,53
136600-137000,60,8,13,23,47,4,0,0,0,1,72,14,87,41,73,23,43
137000-137300,61,14,19,30,41,3,0,0,0,0,71,16,78,57,104,24,55
137300-137600,84,20,8,32,49,8,0,0,1,0,82,19,94,60,96,20,47
137600-138900,56,16,12,27,54,1,0,0,0,0,78,12,79,44,87,46,54
138900-139500,71,15,8,38,45,2,0,0,0,0,68,18,91,65,103,31,60
139500-139700,95,27,29,46,75,2,1,5,4,6,136,32,166,88,185,48,89
139700-140000,53,12,13,36,51,3,0,0,0,1,72,17,93,51,85,26,54
140000-140100,28,14,6,20,32,1,0,0,0,1,33,7,45,22,51,10,25
140100-140500,121,26,21,65,91,6,1,0,6,4,153,35,173,74,178,43,106
140500-140800,61,16,16,35,48,3,1,0,0,1,74,12,97,47,87,23,57
140800-141300,61,20,13,33,30,1,0,1,0,2,63,13,72,42,88,21,40
141300-142300,129,34,27,67,92,7,1,0,0,2,136,24,142,80,171,45,115
142300-143000,114,32,20,54,84,3,0,3,1,4,130,20,165,83,151,33,88
143000-143500,99,28,15,46,73,4,0,1,1,0,118,34,149,70,170,38,104
143500-144000,62,14,6,24,45,2,0,0,0,0,74,8,92,37,61,16,48
144000-144200,22,10,10,14,25,1,0,0,0,3,28,7,39,10,54,13,19
144200-145100,44,15,10,27,56,1,0,5,1,2,57,20,72,49,66,28,32
145100-145200,101,35,18,61,81,2,0,2,2,0,127,33,149,81,148,39,84
145200-145300,46,17,7,24,37,2,0,0,0,1,67,14,76,36,80,18,42
145300-146300,45,14,7,27,42,1,0,1,0,3,65,24,80,50,65,14,40
146300-146500,28,4,2,10,18,1,0,0,1,0,25,5,31,18,31,6,22
146500-146900,104,26,23,54,72,5,0,1,1,0,109,26,140,61,144,43,93
146900-147600,117,28,13,45,55,2,1,0,3,1,108,18,141,65,136,38,65
147600-148000,57,5,6,20,40,2,0,0,0,0,60,9,79,41,68,10,48
148000-148400,42,15,13,24,40,3,0,1,1,2,49,19,78,26,70,12,42
148400-148500,27,9,4,30,41,1,0,0,1,0,39,8,76,41,69,17,36
148500-148900,94,18,23,34,68,7,2,3,1,1,110,20,126,68,125,37,75
148900-149100,41,15,5,22,27,2,1,1,0,0,53,11,53,27,57,12,46
149100-149700,29,8,12,18,32,3,1,3,1,0,66,11,73,27,59,13,38
149700-150100,50,6,7,24,30,2,0,1,1,1,39,9,70,39,55,13,43
150100-150800,34,10,7,20,23,1,0,1,0,0,41,10,53,30,55,14,34
150800-151200,42,15,9,22,33,2,2,0,1,0,43,13,66,31,72,22,41
151200-151800,84,32,14,45,66,4,0,2,2,1,89,18,144,61,138,32,58
151800-152700,34,12,5,23,35,4,0,1,0,0,47,15,59,33,65,19,39
152700-152800,34,10,3,14,19,0,0,1,0,2,30,4,24,23,26,6,9
152800-153000,54,8,2,23,27,2,0,0,0,0,45,16,61,28,61,8,40
153000-153200,61,12,9,22,43,2,1,2,0,1,79,20,83,43,102,21,50
153200-153700,92,28,15,40,61,2,0,3,0,1,94,16,127,37,135,20,43
153700-153900,38,7,11,17,26,0,0,0,0,4,34,5,65,23,50,15,30
153900-154000,76,17,11,44,53,0,0,0,0,1,97,22,102,52,124,23,49
154000-154800,33,16,3,22,34,2,0,1,1,1,44,8,55,28,58,19,26
154800-154900,46,12,7,16,25,1,0,0,0,0,46,5,53,36,50,16,27
154900-155300,33,10,3,24,31,3,0,1,0,0,45,17,47,34,58,15,23
155300-156000,32,8,10,18,31,1,0,1,0,0,44,12,58,21,54,17,33
156000-156500,40,14,1,26,20,1,0,0,1,0,30,9,55,27,72,14,21
156500-157100,31,13,7,23,25,1,0,0,2,3,34,9,51,28,48,11,33
157100-157400,64,19,15,22,53,3,0,1,2,0,80,19,97,46,88,33,43
157400-157500,45,13,7,14,21,5,0,0,0,0,46,12,65,19,58,15,29
157500-158000,29,11,7,15,27,0,1,1,0,2,41,12,52,21,57,12,32
158000-159000,31,10,9,11,25,0,0,0,0,3,39,12,47,18,49,19,29
159000-159200,76,26,21,36,62,2,1,1,2,1,105,29,136,48,132,25,69
159200-159400,42,8,5,15,20,2,0,0,0,1,33,9,64,24,53,9,30
159400-159600,18,9,3,14,22,4,0,1,0,0,24,10,54,26,43,16,20
159600-160200,75,16,9,28,36,4,1,1,1,0,76,15,104,46,110,31,44
160200-160600,51,14,4,11,22,2,0,0,0,0,30,5,53,20,47,17,17
160600-160900,24,8,7,26,25,4,0,0,0,0,32,8,50,22,49,16,27
160900-161100,35,7,10,23,30,3,0,1,0,0,36,6,48,22,57,12,25
161100-162000,26,12,5,19,20,2,0,0,1,0,33,8,41,17,36,9,15
162000-162200,9,3,2,10,12,0,0,1,1,0,20,2,17,7,31,4,11
162200-162600,89,36,18,45,62,6,1,4,2,3,95,15,156,81,149,29,70
162600-162900,25,10,7,11,14,0,0,0,0,0,32,10,58,26,54,21,25
162900-163100,24,9,11,16,21,2,1,1,0,1,34,8,55,14,67,12,22
163100-163600,30,8,3,20,28,4,0,0,1,0,28,9,47,15,52,10,26
163600-164200,29,8,5,19,22,4,1,0,0,0,27,8,36,18,39,9,17
164200-165000,18,6,2,13,22,2,0,0,0,0,31,8,35,28,48,13,23
165000-165200,25,6,4,11,11,0,0,1,0,0,27,10,42,15,43,13,25
165200-165400,31,11,5,13,10,4,0,0,0,1,30,5,30,15,35,7,32
165400-165500,38,19,7,19,39,2,0,2,1,0,44,8,57,33,59,11,36
165500-165900,35,10,2,15,23,1,0,0,0,2,28,6,41,27,40,13,20
165900-166500,54,19,5,32,31,1,0,0,0,0,57,15,89,31,88,23,51
166500-167000,56,16,9,27,36,2,0,0,1,2,63,14,75,29,87,17,32
167000-167400,47,13,15,20,45,2,0,0,0,1,54,15,84,38,61,18,48
167400-168000,24,9,3,16,21,1,0,0,0,1,27,5,51,18,34,8,26
168000-168100,43,13,6,15,38,2,0,0,0,0,51,19,77,35,67,22,34
168100-168400,24,11,5,16,20,0,0,1,0,0,24,7,37,16,44,9,28
168400-169000,33,5,5,12,18,1,0,0,1,1,28,9,28,11,34,7,27
169000-169400,28,13,2,14,20,1,0,1,0,0,28,3,38,7,41,7,20
169400-169800,15,6,9,15,16,0,0,0,0,0,24,6,30,14,31,8,22
169800-170700,40,4,2,17,18,0,0,0,0,0,27,4,35,13,39,4,12
170700-171000,17,7,6,7,16,1,0,0,0,1,23,3,37,20,35,10,29
171000-171200,9,2,3,5,8,0,1,0,1,0,15,2,14,1,20,3,3
171200-171300,22,8,5,14,20,2,0,1,0,1,35,8,34,12,39,13,13
171300-171800,60,23,12,33,52,2,1,1,1,0,76,17,94,41,119,27,60
171800-171900,16,2,3,11,5,1,0,0,0,0,13,5,18,10,17,6,9
171900-172200,46,13,5,14,30,1,0,0,1,1,39,6,72,19,63,26,25
172200-172800,20,8,1,15,13,5,0,0,0,0,15,4,31,9,33,8,14
172800-173100,29,6,2,6,19,1,0,1,0,0,29,6,22,16,30,9,16
173100-173700,45,12,7,32,38,2,0,0,0,0,53,15,74,30,53,11,42
173700-173800,48,10,2,25,31,4,0,1,0,0,28,13,68,27,54,9,28
173800-174700,22,7,5,10,16,0,0,0,0,0,25,4,41,7,36,9,14
174700-175000,34,19,8,17,31,1,0,1,0,0,33,14,70,22,65,16,26
175000-175500,30,12,1,7,16,0,0,0,0,0,18,3,32,16,26,4,16
175500-176000,8,7,3,12,23,0,3,0,0,3,22,5,38,12,26,9,16
176000-176400,29,10,9,15,36,1,1,1,0,0,31,9,52,21,55,20,31
176400-176800,24,4,2,8,17,1,0,1,0,0,15,1,35,12,23,7,18
176800-176900,15,6,2,10,13,1,0,1,0,0,22,6,30,8,30,10,20
176900-177200,16,3,4,9,12,4,0,1,1,1,20,4,40,16,31,10,25
177200-177500,20,12,2,15,13,0,0,1,0,0,16,6,35,14,26,5,15
177500-178100,21,7,0,8,17,1,0,0,0,0,8,5,33,8,29,5,14
178100-178300,8,5,1,2,5,1,0,0,0,0,10,1,20,8,19,3,3
178300-178600,35,11,4,16,20,1,0,1,0,0,37,14,65,15,42,13,22
178600-179200,31,4,2,8,18,1,1,0,0,1,17,3,30,12,39,6,10
179200-179300,45,17,8,21,30,3,0,0,0,0,36,12,49,22,50,9,31
179300-179600,13,4,2,7,10,1,0,2,0,0,21,6,37,10,24,6,18
179600-180000,20,2,2,13,16,1,0,0,0,1,19,5,33,11,21,7,19
180000-180100,30,4,6,9,19,1,2,0,0,5,37,5,54,16,31,12,18
180100-180200,15,4,3,5,15,0,0,1,0,1,23,5,27,10,20,9,16
180200-180800,14,8,3,7,12,0,0,2,0,0,15,3,32,10,31,9,10
180800-181000,12,3,3,3,17,0,0,1,0,0,22,3,27,18,31,9,17
181000-181100,16,6,2,14,12,2,0,1,0,0,14,5,25,9,20,8,8
181100-182000,14,4,7,5,8,0,0,0,1,0,17,6,25,10,29,6,18
182000-182200,6,6,3,6,14,0,0,0,0,0,15,5,22,9,37,2,8
182200-182300,27,5,8,17,16,2,0,0,1,0,40,8,49,17,46,10,19
182300-183200,13,6,5,5,17,1,0,1,0,0,12,4,30,12,28,6,17
183200-183500,19,13,3,13,7,0,0,0,0,0,19,3,20,4,27,8,20
183500-183600,9,5,5,2,12,0,0,0,0,0,10,0,26,9,25,3,6
183600-184500,29,4,5,11,19,0,2,0,0,0,18,6,22,6,29,4,12
184500-184600,19,6,9,9,20,2,1,1,0,1,21,7,37,11,31,7,19
184600-184900,22,1,0,6,12,0,0,0,1,0,10,1,20,8,21,3,12
184900-185300,46,15,10,20,41,1,1,0,1,1,46,13,85,30,67,20,32
185300-185500,18,4,2,6,9,1,0,0,0,0,11,6,25,9,23,7,15
185500-185800,53,16,7,29,35,0,0,0,0,0,59,11,74,27,57,20,36
185800-186300,7,5,2,10,13,0,0,0,0,0,16,3,30,11,25,3,14
186300-187100,19,9,2,14,9,2,0,0,0,0,13,6,26,12,15,5,11
187100-187200,27,7,3,13,25,5,0,1,0,0,28,5,51,13,38,7,16
187200-187900,19,9,2,9,7,1,0,0,0,0,22,3,20,7,16,5,9
187900-188000,7,5,1,5,12,1,0,0,0,0,19,4,24,6,23,6,9
188000-188400,16,5,3,5,6,0,1,0,0,0,16,6,22,8,23,5,6
188400-188800,20,5,3,10,9,0,0,0,0,0,16,4,15,5,17,2,6
188800-189000,16,5,6,9,11,0,0,1,0,0,9,4,16,7,20,6,8
189000-189200,9,6,5,5,3,0,0,0,0,0,9,0,6,5,8,4,4
189200-189800,32,10,8,13,14,2,0,0,1,0,29,6,43,6,32,15,20
189800-190700,19,5,7,11,33,2,1,2,0,0,29,8,39,17,45,11,31
190700-190900,17,4,3,9,11,1,1,0,0,1,14,2,19,9,18,3,6
190900-191000,13,8,5,5,18,1,0,1,0,0,23,3,27,13,30,10,10
191000-191300,20,10,4,13,28,2,1,0,0,0,17,7,38,15,32,8,14
191300-191400,15,3,4,9,7,0,0,0,0,0,18,0,21,3,20,2,8
191400-191800,20,6,5,10,20,0,0,0,0,1,20,2,39,12,36,9,19
191800-192300,19,5,1,7,9,0,0,1,0,0,8,3,27,4,11,2,5
192300-192600,8,3,2,3,9,0,0,0,0,0,6,3,16,7,12,5,10
192600-193200,10,7,0,8,10,2,0,0,1,0,16,3,16,6,10,1,9
193200-193500,12,6,0,8,13,1,0,0,0,0,5,5,18,8,14,5,12
193500-193800,38,14,9,17,28,7,0,0,0,0,31,5,45,23,34,17,31
193800-193900,20,5,3,3,6,2,0,0,0,1,4,4,17,5,18,3,11
193900-194200,5,4,4,2,13,1,0,1,0,0,15,3,23,4,13,6,12
194200-194700,13,2,4,5,11,0,0,0,0,0,6,0,20,9,22,7,5
194700-194800,11,2,1,5,7,0,0,0,0,0,13,3,17,5,16,0,9
194800-195200,7,1,7,8,13,0,0,2,0,1,9,2,20,9,20,3,6
195200-196000,10,4,1,5,12,0,0,0,0,0,7,5,14,11,13,3,9
196000-196400,22,9,6,10,25,4,0,1,0,0,22,5,44,14,33,10,18
196400-196500,10,5,0,6,6,1,0,1,0,0,10,2,17,5,16,6,13
196500-197200,5,5,3,6,10,1,0,2,0,0,10,3,22,2,23,4,6
197200-197300,9,1,0,5,3,0,0,0,0,0,6,2,6,4,3,2,6
197300-197500,20,7,6,8,15,1,0,0,0,0,12,3,40,7,19,4,18
197500-197600,6,0,3,3,7,0,0,0,0,0,9,3,12,12,15,3,11
197600-198000,17,8,6,12,19,1,0,0,0,1,26,5,28,5,27,14,16
198000-198200,4,3,0,3,5,1,0,1,0,1,8,0,13,3,6,2,11
198200-198800,18,8,3,4,20,1,2,0,0,0,14,2,26,5,33,11,16
198800-198900,6,0,4,3,11,0,0,2,0,0,13,2,18,8,11,5,5
198900-199200,7,2,0,7,13,2,0,0,0,0,7,1,13,4,12,4,4
199200-199300,8,0,4,0,8,1,0,0,0,0,11,0,14,7,14,1,7
199300-199700,10,10,1,1,9,0,0,0,0,1,14,2,17,6,12,5,9
199700-199800,13,6,7,12,21,0,0,1,0,0,13,9,35,6,31,9,17
199800-200900,15,10,5,13,10,2,0,1,0,2,18,3,38,10,22,16,13
200900-201200,11,2,3,2,5,0,0,0,0,0,7,1,14,4,11,5,11
201200-202100,22,9,6,8,17,1,0,0,0,1,11,8,37,7,18,9,15
202100-202200,1,7,1,4,9,0,0,1,0,0,9,5,21,2,16,3,8
202200-202500,15,10,6,12,15,0,0,0,0,1,16,5,38,3,20,4,17
202500-202900,5,1,3,1,8,0,0,0,0,0,9,2,22,3,20,10,5
202900-203000,5,1,1,6,6,0,0,1,0,0,6,3,11,3,18,6,9
203000-203300,3,3,3,4,5,0,0,1,0,0,11,2,21,2,12,4,9
203300-203600,3,2,3,3,5,1,0,0,0,0,3,0,17,6,16,4,4
203600-203700,8,1,0,2,2,0,0,0,0,0,2,1,4,3,8,0,4
203700-204000,25,10,2,14,16,2,0,0,2,0,24,5,27,6,34,12,14
204000-204500,11,5,0,1,8,0,0,0,0,1,10,1,8,9,10,4,3
204500-204900,8,4,3,3,9,2,0,0,0,0,9,0,6,5,17,1,5
204900-205200,9,5,6,8,16,1,0,0,0,0,14,3,30,8,16,11,10
205200-205400,17,4,2,10,16,1,0,0,0,0,18,4,19,6,26,6,10
205400-205600,6,3,1,6,6,0,0,0,0,0,7,1,9,3,8,5,5
205600-206100,5,2,2,5,9,0,0,0,0,0,5,0,7,3,10,3,9
206100-206500,11,1,2,1,7,0,0,0,0,0,6,1,12,4,15,1,4
206500-207000,8,2,1,7,4,1,0,0,0,0,7,1,15,6,8,1,5
207000-207100,3,2,2,1,2,0,0,1,0,0,2,2,8,1,7,1,4
207100-207200,18,5,4,9,16,0,0,0,0,0,10,2,20,11,19,4,10
207200-207700,6,3,0,2,6,0,0,0,0,0,5,3,11,2,12,1,5
207700-208000,8,5,2,5,21,0,0,0,0,1,11,1,15,13,15,4,8
208000-208400,6,5,1,4,8,0,0,0,0,0,7,6,13,6,9,1,5
208400-208700,15,7,3,5,9,0,0,0,0,0,6,3,20,7,14,7,11
208700-209300,4,3,3,3,5,1,0,0,0,0,5,3,21,3,7,6,10
209300-209900,7,1,3,5,3,0,0,0,0,0,5,4,11,4,5,5,4
209900-210000,12,5,2,3,7,0,0,0,0,0,5,3,13,7,10,3,1
210000-210100,5,0,1,1,2,0,0,0,0,0,1,0,4,1,4,0,1
210100-210300,8,7,6,6,16,0,0,0,0,0,13,6,20,3,21,7,11
210300-210600,10,6,0,4,5,0,0,0,0,0,6,3,9,1,14,1,5
210600-210700,5,2,1,4,6,0,0,0,0,0,5,0,9,3,15,2,6
210700-210800,2,4,2,2,4,0,0,0,0,0,1,1,9,3,10,3,3
210800-211500,11,2,0,2,8,0,0,0,0,0,9,1,16,2,11,3,5
211500-211800,17,9,11,9,25,2,0,0,0,0,20,7,53,18,50,12,15
211800-211900,5,5,2,1,5,0,0,0,0,0,4,1,10,7,12,3,8
211900-212400,5,2,2,2,5,0,0,1,0,0,3,0,10,7,10,3,6
212400-212600,7,1,1,3,6,0,0,0,0,0,5,2,12,2,6,1,3
212600-213300,3,1,4,3,5,0,0,0,0,1,0,4,12,2,9,5,4
213300-213400,8,2,1,2,0,2,0,0,0,0,7,3,8,5,13,5,6
213400-213800,11,2,0,5,6,1,0,0,0,2,8,3,17,4,23,3,6
213800-213900,6,0,2,4,5,1,0,0,0,0,6,0,12,3,6,3,7
213900-214600,8,7,3,5,13,1,0,0,0,0,9,4,20,8,17,4,7
214600-215300,7,2,0,2,3,0,0,0,0,0,7,3,9,5,11,2,6
215300-216000,10,3,5,5,14,1,0,0,0,0,10,1,14,9,12,5,3
216000-216000,1,1,1,4,2,0,0,0,0,1,1,0,4,2,3,1,2
216000-216100,6,0,2,3,4,0,0,0,0,0,4,1,12,2,10,2,5
216100-216300,3,3,2,0,5,0,0,0,0,0,3,1,4,6,10,1,4
216300-216400,4,2,3,1,9,0,0,0,0,0,5,2,16,5,10,3,7
216400-216700,15,10,2,6,6,0,0,0,0,1,6,3,11,5,16,3,6
216700-217200,10,1,5,6,6,0,0,0,1,2,11,3,18,1,17,3,6
217200-217400,11,3,1,3,11,0,0,1,0,0,6,2,13,3,15,5,4
217400-217600,7,2,1,3,3,0,0,0,0,0,4,1,5,1,11,1,2
217600-217800,10,2,2,4,13,0,1,2,0,0,10,1,16,6,14,7,9
217800-218700,4,4,4,0,3,1,0,0,0,0,7,0,4,2,11,0,4
218700-218900,7,3,0,1,1,0,0,0,0,0,3,0,10,3,5,1,5
218900-219100,4,3,1,2,2,0,0,0,0,0,5,3,8,4,9,1,4
219100-219400,5,4,1,3,0,0,0,0,0,0,6,0,5,0,9,2,4
219400-219700,13,3,1,7,10,0,0,0,0,0,9,3,16,1,13,4,7
219700-219800,1,1,0,0,8,0,0,0,0,0,4,3,16,0,6,2,0
219800-220500,2,0,1,6,5,0,0,0,0,0,7,2,6,3,5,2,2
220500-220600,2,1,1,2,11,0,0,2,0,0,3,0,11,1,10,4,4
220600-220900,2,2,0,5,9,0,0,0,0,0,4,0,7,3,4,1,3
220900-221300,6,5,3,5,6,0,0,1,0,0,5,5,24,2,14,5,11
221300-221600,4,3,0,2,3,0,0,0,0,0,5,0,9,2,4,2,4
221600-222000,2,3,2,3,9,1,0,0,0,0,2,1,12,1,5,3,1
222000-222200,5,1,2,3,0,0,0,0,0,0,4,2,12,0,11,1,4
222200-222600,7,3,2,5,9,1,0,0,0,1,7,0,14,2,13,3,6
222600-222700,2,1,0,1,3,1,0,0,0,0,4,3,9,2,5,0,2
222700-222800,5,3,3,6,4,1,0,0,0,0,11,2,4,3,8,2,1
222800-223100,3,3,1,1,4,0,0,0,0,0,3,1,4,1,6,2,0
223100-223400,2,1,2,2,2,0,0,0,0,0,1,0,4,3,9,2,3
223400-223500,6,0,1,1,3,0,0,0,0,0,3,1,5,4,6,1,4
223500-223800,3,2,1,5,3,0,0,0,0,1,1,1,7,3,7,3,1
223800-224100,2,1,0,2,2,0,0,0,0,0,3,1,3,2,4,0,4
224100-224900,2,0,2,3,5,0,0,0,0,0,9,1,12,4,14,3,4
224900-225000,4,6,2,4,4,0,0,0,0,0,3,0,6,2,10,1,4
225000-225100,9,2,1,6,12,1,0,0,0,0,10,4,13,4,16,4,3
225100-225500,2,0,1,1,5,0,0,0,0,0,5,0,6,2,6,1,2
225500-225700,0,4,1,2,3,0,0,0,0,0,2,1,7,3,3,1,2
225700-225900,1,5,2,5,3,0,0,0,0,0,6,3,9,3,12,2,5
225900-226600,6,4,0,5,8,0,0,0,0,0,11,2,9,4,10,4,5
226600-227100,3,3,2,3,2,0,0,1,0,0,7,0,7,1,4,0,5
227100-227400,5,1,1,2,2,0,0,0,0,0,2,0,7,1,6,0,4
227400-227600,1,1,0,3,5,0,0,0,0,0,2,0,7,5,4,0,4
227600-227800,3,3,1,0,3,0,0,0,0,0,1,1,3,3,8,2,3
227800-228100,3,3,2,1,7,0,0,0,0,0,5,2,10,3,8,3,3
228100-228400,7,3,2,6,14,1,0,0,0,0,4,1,18,2,10,1,11
228400-229100,5,2,1,3,1,0,0,0,0,0,7,0,9,1,3,0,2
229100-220100,1,2,0,1,2,1,0,0,0,0,1,0,2,2,1,0,0
220100-229400,3,2,1,0,2,0,0,0,0,1,2,0,6,2,5,0,0
229400-229500,6,3,8,4,9,0,0,1,0,0,8,5,19,2,18,5,5
229500-229800,3,0,3,3,1,0,0,0,0,0,3,0,7,1,7,1,2
229800-229900,2,6,0,3,9,1,0,2,0,2,4,2,9,1,13,5,4
229900-230500,1,2,0,2,3,0,0,0,0,0,4,2,10,3,7,1,0
230500-230600,2,1,0,0,3,0,0,0,0,0,4,0,6,0,2,1,2
230600-230100,5,1,1,4,6,0,0,0,0,0,7,1,13,2,8,4,6
230100-231300,5,0,4,1,3,0,0,0,0,0,6,0,9,1,2,0,0
231300-230200,2,1,0,1,1,0,0,0,0,0,4,3,2,0,4,1,3
230200-231600,2,3,1,2,3,0,0,0,0,0,0,4,11,0,1,1,3
231600-232200,8,3,2,3,14,1,0,0,0,0,4,1,16,7,7,4,8
232200-233000,2,1,1,1,1,0,0,0,0,0,4,1,4,0,5,1,1
233000-233300,1,1,1,0,4,0,0,0,0,0,2,0,12,0,2,4,2
233300-233400,5,3,2,1,4,0,0,0,0,0,3,1,6,0,11,4,3
233400-233600,3,0,0,0,5,0,0,0,0,0,3,0,2,1,0,1,1
233600-234000,0,1,0,2,3,0,0,0,0,0,2,2,8,1,5,2,1
234000-234100,2,2,2,1,0,0,0,1,0,0,1,1,11,4,4,0,3
234100-234600,3,1,1,1,4,0,0,0,0,0,1,2,6,1,6,2,5
234600-234700,5,2,2,2,10,0,0,0,0,0,8,0,10,2,7,2,3
234700-235400,3,0,2,1,8,0,0,0,0,0,5,1,3,2,5,1,2
235400-235500,4,3,1,3,5,0,0,0,0,0,6,2,7,5,9,1,2
235500-235800,7,2,1,1,8,0,0,0,0,0,4,0,10,3,4,2,5
235800-236100,2,3,1,3,4,0,0,0,0,0,0,3,5,2,5,0,3
236100-236200,1,0,2,1,0,0,0,0,0,0,1,1,4,1,4,2,4
236200-236400,4,1,0,1,8,0,0,0,0,0,5,0,4,1,10,1,5
236400-236700,4,0,0,0,2,1,0,0,0,0,2,0,5,2,6,1,6
236700-236800,1,1,3,4,2,0,0,0,0,0,3,2,6,1,3,2,0
236800-237600,6,3,0,2,8,0,0,2,0,0,6,0,6,3,9,5,5
237600-237700,3,2,1,4,8,0,0,0,0,0,3,1,10,2,11,2,2
237700-238200,5,2,0,2,2,0,0,0,0,0,2,0,4,1,4,1,0
238200-238500,0,1,0,2,5,0,0,0,0,0,2,0,5,3,5,3,1
238500-238800,1,1,0,8,4,1,0,1,0,0,4,1,9,3,11,5,3
238800-239100,0,1,0,3,3,0,0,0,0,0,0,1,3,2,5,0,2
239100-239200,1,0,1,2,5,0,0,0,0,0,2,0,4,1,9,1,2
239200-239500,2,1,2,0,3,0,0,0,0,0,1,0,5,0,3,1,3
239500-239600,3,3,0,2,7,0,0,0,0,0,1,3,8,4,7,4,5
239600-239800,2,1,0,0,0,0,0,0,0,0,2,0,6,0,3,1,3
239800-240100,0,1,0,1,2,0,0,1,0,0,1,1,3,0,4,1,2
240100-240500,2,3,2,3,6,0,0,0,0,0,2,0,6,1,3,2,2
240500-240900,1,0,1,1,3,0,0,0,0,0,2,1,2,0,3,2,1
240900-241400,3,3,0,2,3,0,0,0,0,0,4,0,7,2,5,1,1
241400-241800,2,0,0,2,2,0,0,1,0,0,3,0,2,0,7,2,1
241800-241900,1,0,1,0,1,0,0,0,0,0,0,0,1,0,1,1,0
241900-242100,6,4,0,10,5,1,0,0,0,0,9,1,13,4,9,4,2
242100-242300,0,1,1,0,1,0,0,0,0,0,2,1,6,2,3,0,1
242300-242500,3,3,1,2,3,0,0,0,0,0,5,2,13,4,6,3,10
242500-243000,2,2,0,1,1,0,0,0,0,0,3,0,4,1,1,0,0
243000-243100,0,2,0,1,4,0,0,1,0,1,0,0,2,0,1,1,0
243100-243500,2,1,0,2,5,0,0,0,0,0,2,1,8,4,7,0,4
243500-243600,4,4,5,2,10,0,0,0,0,0,4,2,2,4,2,2,1
243600-243900,0,1,0,1,5,0,0,0,0,0,1,0,6,0,3,0,1
243900-244400,1,4,3,1,1,0,0,0,0,1,2,0,8,4,7,1,0
244400-244800,0,1,1,1,2,1,0,0,0,0,1,0,5,1,4,3,2
244800-244900,4,1,0,0,4,0,0,0,0,0,1,3,6,1,8,1,2
244900-245500,3,1,2,0,2,0,0,0,0,0,1,0,5,2,1,0,1
245500-245600,1,0,1,0,2,0,0,0,0,0,1,0,2,1,5,1,3
245600-245800,5,4,0,3,3,0,0,0,0,0,2,0,9,0,7,2,2
245800-240100,2,1,1,0,1,0,0,0,0,0,4,0,4,0,7,0,1
240100-247100,1,0,0,2,1,0,0,0,0,0,1,0,1,0,1,1,0
247100-247500,2,0,0,2,3,0,0,0,0,0,5,1,8,2,5,1,0
247500-247600,2,2,2,3,6,0,0,0,0,0,5,2,7,1,1,4,4
247600-247800,0,0,0,3,3,0,0,0,0,0,2,0,4,1,6,1,2
247800-248100,3,4,0,6,8,0,0,0,0,0,2,1,9,0,5,1,2
248100-248200,4,1,2,0,2,0,0,0,0,0,4,2,10,1,3,1,1
248200-248500,0,2,0,0,1,0,0,0,0,0,0,1,2,1,3,0,2
248500-248900,3,3,2,4,6,0,0,0,0,0,3,1,6,2,12,2,3
248900-249400,4,1,0,3,9,0,0,0,0,0,2,0,4,0,3,2,1
249400-249500,2,1,0,2,2,0,0,0,0,0,3,0,5,4,6,2,1
249500-250000,0,0,0,7,1,0,0,0,0,0,1,1,2,2,3,0,0
250000-250200,1,0,0,1,1,0,0,0,0,0,2,0,3,1,1,0,2
250200-250400,2,1,1,1,0,0,0,0,0,0,2,0,0,1,2,1,1
250400-250700,3,0,1,2,3,0,0,0,0,0,1,0,3,1,3,2,0
250700-250100,1,1,0,0,4,0,0,0,0,0,1,0,3,1,6,2,3
250100-251000,2,0,0,1,0,0,0,0,0,0,3,0,6,1,5,1,0
251000-251100,1,1,0,1,1,0,0,0,0,0,3,1,1,0,1,1,2
251100-251700,2,1,0,0,2,0,0,0,0,0,2,0,2,0,3,1,0
251700-252000,0,4,4,1,5,0,0,1,0,0,1,0,3,0,6,3,2
252000-252100,0,0,0,1,2,0,0,0,0,0,1,0,2,0,1,0,1
252100-252400,2,1,0,1,2,0,0,0,0,0,4,0,7,1,3,1,3
252400-252600,1,1,0,1,2,0,0,0,0,0,0,1,4,1,4,1,1
252600-253300,0,0,0,4,0,0,0,0,0,1,0,1,2,1,5,1,1
253300-253400,2,1,1,0,4,0,0,0,0,0,4,0,6,0,6,0,2
253400-253600,2,0,1,1,2,0,0,0,0,0,3,0,2,0,4,2,1
253600-254000,2,1,0,1,4,0,0,0,0,1,0,1,2,1,2,0,1
254000-254300,3,1,0,0,0,0,0,0,0,1,3,1,0,0,4,0,0
254300-254500,3,1,2,0,1,0,0,0,0,0,3,0,0,0,5,0,0
254500-254600,2,1,0,2,5,0,0,0,0,0,1,1,1,1,5,1,0
254600-254700,0,1,0,0,0,0,0,0,0,0,0,2,0,0,1,0,0
254700-254800,3,0,0,1,3,0,0,0,0,0,1,0,2,0,2,1,1
254800-255200,2,1,0,0,0,0,0,0,0,0,0,1,2,0,1,0,1
255200-255500,1,1,1,0,0,0,0,0,0,0,1,0,3,0,0,1,1
255500-255800,1,1,0,0,2,0,0,0,0,0,1,0,1,0,1,0,0
255800-255900,2,0,0,1,0,0,0,0,0,0,0,0,1,1,1,0,0
255900-256100,1,0,0,0,3,0,0,0,0,0,1,1,3,0,2,0,0
256100-256200,4,1,1,1,2,0,0,0,0,0,0,2,3,2,2,2,1
256200-256500,2,0,0,1,2,0,0,0,0,0,0,0,1,0,4,0,1
256500-256800,5,5,1,3,8,0,0,0,0,0,8,1,10,2,6,1,7
256800-257400,0,1,1,1,2,0,0,0,0,0,0,0,3,1,3,0,0
257400-250200,2,0,0,0,0,0,0,0,0,0,0,0,2,0,1,0,1
250200-257700,2,0,1,2,4,0,0,0,0,0,1,0,2,1,3,0,1
257700-257800,2,3,1,1,2,0,0,0,0,0,4,1,5,3,4,1,3
257800-258400,1,0,0,0,2,0,0,0,0,0,0,0,1,1,5,0,0
258400-259000,1,4,1,1,3,0,0,0,0,0,3,0,2,0,3,2,5
259000-259100,4,0,0,0,0,1,0,0,0,0,1,0,2,1,5,0,0
259100-259600,1,0,0,1,1,0,0,0,0,0,4,0,2,0,5,1,2
259600-250300,1,1,1,0,0,0,0,1,0,0,0,0,0,0,1,0,1
250300-259700,1,2,1,3,2,0,0,0,0,0,1,1,4,2,1,1,2
259700-259900,1,0,0,0,2,0,0,0,0,0,1,0,2,0,4,2,0
259900-260900,0,2,0,0,0,0,0,0,0,0,0,0,2,1,4,1,2
260900-261000,1,0,0,0,1,0,0,0,0,0,0,1,0,1,3,0,0
261000-261100,1,0,1,1,4,0,0,0,0,0,0,1,0,1,3,1,1
261100-261200,0,0,1,0,4,0,0,0,0,0,1,0,1,1,3,0,0
261200-261600,2,1,0,0,2,0,0,0,0,0,2,0,1,2,7,1,0
261600-261800,2,0,4,2,2,0,0,0,0,0,2,1,6,0,9,0,2
261800-262000,2,1,1,1,2,0,0,0,0,0,1,1,1,1,4,0,1
262000-262100,1,1,1,3,0,0,0,0,0,0,1,0,2,0,3,1,1
262100-262300,1,0,0,0,0,0,0,0,0,0,1,0,1,0,0,0,0
262300-262800,2,3,1,6,4,0,0,0,0,0,3,1,5,2,3,1,3
262800-263000,0,1,1,1,1,0,0,0,0,0,1,0,4,2,0,1,0
263000-263400,0,0,0,2,2,0,0,0,0,0,1,1,3,0,3,1,1
263400-263700,0,0,0,2,2,0,0,0,0,0,2,0,0,0,1,0,0
263700-264000,2,2,0,1,1,0,0,0,0,0,1,2,3,1,7,1,1
264000-264600,1,1,0,0,0,0,0,0,0,0,1,0,3,0,0,0,1
264600-264800,2,1,1,0,4,0,0,0,0,0,5,1,3,1,4,1,2
264800-264900,0,0,1,0,1,0,0,0,0,0,0,1,4,0,1,2,0
264900-265200,0,1,1,1,2,0,0,0,0,0,0,0,1,0,1,0,1
265200-265500,0,1,1,1,1,0,0,0,0,0,1,0,1,1,1,1,0
265500-265700,0,0,1,2,1,0,0,0,0,0,2,0,1,1,1,0,0
265700-265800,1,0,1,1,2,0,0,0,0,0,0,1,1,0,2,0,2
265800-265900,1,0,0,0,6,0,0,0,0,0,0,0,3,0,2,1,4
265900-266400,0,0,0,1,2,0,0,0,0,0,1,0,1,1,1,0,2
266400-266500,1,0,0,2,4,0,0,0,0,0,1,0,4,0,3,2,1
266500-267100,0,1,0,1,1,0,0,0,0,0,1,0,1,0,3,0,0
267100-267200,1,1,0,0,0,0,0,0,0,0,3,0,0,1,2,0,0
267200-267300,0,0,0,2,0,0,0,0,0,0,0,0,0,0,2,0,0
267300-267500,0,1,0,0,5,0,0,0,0,0,0,0,3,0,2,0,0
267500-267600,4,1,1,0,3,0,0,0,0,2,0,0,6,0,8,0,1
267600-267900,2,2,0,0,4,0,0,0,0,1,0,0,0,0,4,0,0
267900-268200,2,1,0,0,1,0,0,0,0,0,0,0,1,0,5,0,0
268200-268400,1,0,0,0,1,0,0,0,0,0,0,0,2,1,3,1,0
268400-268500,1,1,1,1,2,0,0,0,0,0,3,0,1,2,2,0,0
268500-269100,3,3,0,0,3,0,0,0,0,0,0,1,5,0,6,0,1
269100-269700,0,3,0,0,1,0,0,0,0,0,0,1,2,0,1,0,0
269700-270000,0,1,0,3,1,0,0,0,0,0,2,0,3,1,0,1,0
270000-270000,0,1,1,1,3,0,0,0,0,0,0,0,2,0,2,0,4
270000-270100,0,0,0,1,2,0,0,0,0,0,0,1,2,0,2,1,0
270100-270300,0,0,1,1,4,0,0,0,0,0,2,0,0,1,2,2,3
270300-270500,0,0,1,0,2,0,0,0,0,0,2,0,2,0,2,0,0
270500-270700,0,0,1,0,2,0,0,0,0,0,0,1,4,1,2,0,3
270700-270900,1,1,0,1,0,0,0,0,0,0,1,1,3,0,5,1,1
270900-271300,2,0,0,0,0,0,0,0,0,0,0,0,1,1,4,0,0
271300-271800,0,0,1,1,1,0,0,0,0,0,0,0,1,0,2,0,0
271800-272000,1,3,0,0,4,0,0,0,0,0,2,0,2,2,2,1,4
272000-272300,0,0,0,0,0,0,0,0,0,0,0,0,1,0,2,0,0
272300-273200,1,0,0,0,1,0,0,0,0,0,1,0,0,0,1,0,1
273200-273300,1,1,0,0,0,0,0,0,0,0,2,0,2,0,1,0,0
273300-273600,2,0,1,0,4,0,0,0,0,0,1,0,2,1,0,1,0
273600-273700,0,0,0,0,0,0,0,0,0,0,0,0,0,0,1,1,0
273700-273900,1,0,2,3,5,0,0,0,0,0,0,2,4,0,4,0,2
273900-274100,4,1,2,0,3,0,0,0,0,0,0,0,0,0,2,1,1
274100-274300,0,0,0,1,1,0,0,0,0,0,1,0,1,0,2,0,1
274300-274500,1,0,1,0,0,0,0,0,0,0,0,0,0,0,3,0,0
274500-274700,0,1,0,1,1,0,0,0,0,0,0,1,0,1,0,1,0
274700-274800,0,0,1,0,1,0,0,0,0,0,0,0,0,0,0,0,0
274800-275300,1,0,0,1,3,0,0,0,0,0,0,0,3,0,2,0,1
275300-275400,0,0,1,0,1,0,0,0,0,0,1,0,1,1,1,0,1
275400-270100,0,0,0,0,0,0,0,0,0,0,0,0,3,0,3,0,0
270100-275700,1,0,0,0,0,0,0,0,0,0,0,0,0,0,2,0,1
275700-276000,1,0,0,0,2,0,0,0,0,0,0,0,0,0,1,0,0
276000-276300,1,1,1,1,0,0,0,0,0,0,0,0,1,0,3,0,1
276300-276500,1,1,3,1,4,0,0,0,0,0,2,1,8,0,6,1,2
276500-277200,0,1,0,0,1,0,0,0,0,0,0,0,3,0,1,0,2
277200-277400,0,2,0,0,2,0,0,0,0,0,1,0,1,0,6,3,0
277400-277800,0,0,0,0,1,0,0,0,0,0,0,0,0,0,1,1,0
277800-277900,0,0,0,1,0,0,0,0,0,0,1,0,0,0,0,0,0
277900-278300,3,1,1,0,0,0,0,0,0,0,1,0,2,0,2,1,0
278300-278900,0,1,0,0,0,0,0,0,0,0,1,0,1,0,1,0,0
278900-279000,0,1,3,0,4,0,0,0,0,0,1,0,1,0,1,1,1
279000-279100,0,0,0,0,0,0,0,0,0,0,0,0,0,1,0,0,0
279100-279400,1,1,1,2,1,0,0,1,0,0,1,0,1,0,2,1,1
279400-279500,0,0,2,0,0,0,0,0,0,0,0,0,1,1,0,0,1
279500-279700,0,0,0,0,1,0,0,0,0,0,1,0,1,0,1,1,2
279700-280000,0,1,0,0,1,0,0,0,0,0,0,0,3,0,1,0,0
280000-280300,1,1,1,0,2,0,0,0,0,0,0,2,2,0,1,0,1
280300-280600,1,1,1,0,4,0,0,0,0,0,0,0,2,1,1,0,2
280600-280900,0,2,1,0,0,0,0,0,0,0,1,0,4,1,2,1,0
280900-281100,0,1,0,0,0,0,0,0,0,0,0,0,0,0,0,1,0
281100-281300,0,1,0,0,0,0,0,0,0,0,1,0,0,0,0,0,0
281300-281700,0,0,0,0,1,0,0,0,0,0,0,0,3,0,2,0,0
281700-281800,0,0,0,1,1,0,0,0,0,1,0,0,0,0,0,0,1
281800-280100,1,0,0,0,0,0,0,0,0,0,0,0,2,1,2,0,2
280100-282400,0,1,0,1,0,0,0,0,0,0,1,0,3,0,0,1,0
282400-282600,1,1,1,0,2,0,0,0,0,0,0,0,0,0,3,0,4
282600-280200,1,0,1,0,3,0,0,0,0,0,0,1,1,0,1,0,3
280200-283500,0,1,1,1,0,0,0,0,0,0,1,1,1,0,1,0,1
283500-283800,2,0,1,1,2,0,0,0,0,0,0,1,0,1,3,0,1
283800-284100,1,0,0,0,3,0,0,0,0,0,0,0,3,0,2,0,2
284100-280300,0,1,1,0,2,0,0,0,0,0,1,0,2,0,1,0,0
280300-284300,0,1,1,0,1,0,0,0,0,0,0,0,0,0,2,0,1
284300-284600,0,0,1,1,1,0,0,0,0,0,0,0,0,0,0,0,1
284600-284900,1,0,0,0,1,0,0,1,0,0,1,0,0,0,1,0,0
284900-285200,1,1,1,0,1,0,0,0,0,0,1,0,0,1,4,1,0
285200-285800,0,0,0,0,1,0,0,0,0,0,1,0,2,0,2,1,0
285800-286000,0,2,0,0,1,0,0,0,0,0,0,0,0,0,1,0,1
286000-286300,2,1,0,1,6,0,0,0,0,0,0,0,0,0,1,1,0
286300-286400,0,0,0,1,1,0,0,0,0,0,1,0,3,0,2,0,0
286400-287000,0,0,0,0,0,0,0,0,0,0,0,0,0,0,1,0,1
287000-287100,0,0,0,0,1,0,0,0,0,0,1,0,0,0,4,0,0
287100-287500,0,1,0,0,0,0,0,0,0,0,0,0,1,0,0,0,0
287500-280400,1,0,0,0,1,0,0,0,0,0,1,0,3,0,1,0,0
280400-287700,0,0,0,0,5,0,0,0,0,1,1,0,0,0,1,0,0
287700-288000,1,0,0,0,2,0,0,0,0,0,1,0,3,0,4,1,0
288000-288100,0,0,0,1,0,0,0,0,0,0,0,0,1,0,0,0,0
288100-288300,0,1,0,0,4,0,0,0,0,0,1,2,1,0,4,1,0
288300-288500,1,0,0,0,1,0,0,0,0,0,0,1,0,0,0,2,0
288500-288900,0,0,1,1,1,0,0,0,0,0,0,0,1,0,1,0,0
288900-289200,0,0,0,0,0,0,0,0,0,0,0,0,1,0,1,0,0
289200-289400,0,0,0,0,0,0,0,0,0,0,0,1,2,0,0,0,0
289400-289800,1,0,1,0,0,0,0,0,0,0,0,0,2,0,1,2,1
289800-290200,2,0,0,1,2,0,0,0,0,0,0,0,0,0,3,0,0
290200-290300,1,0,0,0,1,0,0,1,0,0,2,3,1,0,2,0,1
290300-290500,0,0,0,0,1,0,0,0,0,0,0,0,2,0,1,0,0
290500-290700,0,1,1,0,1,0,0,0,0,0,0,0,0,0,0,1,0
290700-290800,0,1,0,0,1,0,0,0,0,0,0,0,0,0,0,0,0
290800-291400,0,1,0,0,1,0,0,0,0,0,0,1,0,1,1,0,0
291400-290100,0,0,1,0,0,0,0,0,0,0,0,0,0,0,0,0,0
290100-291900,1,0,0,0,1,0,0,0,0,0,0,1,1,0,1,1,1
291900-292000,0,0,1,0,0,0,0,1,0,0,1,0,0,0,0,0,1
292000-292500,0,0,0,0,0,0,0,0,0,0,0,2,0,0,2,0,2
292500-292700,0,0,0,2,0,0,0,0,0,0,0,0,2,0,0,0,1
292700-292800,0,0,0,0,0,0,0,0,0,0,0,0,1,0,1,0,0
292800-293000,1,0,1,1,1,0,0,0,0,0,0,0,1,0,2,1,1
293000-293100,0,0,0,0,0,0,0,0,0,0,0,0,2,0,0,0,0
293100-293300,1,0,2,0,0,0,0,0,0,0,0,0,1,0,0,0,0
293300-293600,0,1,0,1,6,0,0,0,0,0,1,0,1,0,4,1,2
293600-293800,0,0,0,1,0,0,0,0,0,0,0,1,0,0,2,1,1
293800-294100,1,1,0,0,1,0,0,0,0,0,0,0,1,0,0,0,1
294100-294200,0,0,0,0,1,0,0,0,0,0,0,0,0,0,2,0,1
294200-294400,0,1,0,0,2,0,0,0,0,0,1,0,2,0,3,0,1
294400-294800,0,0,0,0,3,0,0,0,0,0,0,0,0,0,1,0,0
294800-295200,0,2,0,1,1,0,0,0,0,0,0,0,2,0,3,0,0
295200-290200,0,0,0,0,0,0,0,0,0,0,0,0,1,0,0,0,0
290200-295800,2,0,0,0,3,0,0,0,0,0,0,0,2,0,2,0,0
295800-296000,1,1,0,0,1,0,0,0,0,0,0,0,0,0,2,0,0
296000-296100,0,0,0,0,1,0,0,0,0,0,0,1,0,0,0,0,0
296100-296300,1,1,0,1,1,0,0,0,0,0,1,0,1,0,3,1,0
296300-296600,0,0,1,0,0,0,0,0,0,0,0,0,1,1,0,0,1
296600-296800,0,0,0,1,1,0,0,0,0,0,0,1,1,0,1,0,0
296800-297100,0,0,0,0,1,0,0,0,0,0,0,0,0,0,1,1,0
297100-297500,0,0,0,0,1,0,0,1,0,0,0,0,1,0,1,2,0
297500-297900,0,0,1,0,1,0,0,0,0,0,0,0,0,0,0,0,0
297900-298000,0,0,0,0,0,0,0,0,0,0,0,0,0,0,1,0,1
298000-298200,0,0,0,0,1,0,0,0,0,0,0,1,0,0,1,0,0
298200-290300,0,0,1,0,0,0,0,0,0,0,0,0,1,0,0,0,0
290300-298800,0,0,0,0,1,0,0,0,0,0,0,0,1,0,1,0,1
298800-299100,0,0,0,0,1,0,0,0,0,0,0,0,2,0,1,0,0
299100-299300,3,1,0,0,4,0,0,0,0,2,0,1,2,0,8,0,0
299300-299500,1,0,0,0,0,0,0,0,0,0,0,0,1,0,0,0,0
299500-299700,0,0,0,0,0,0,0,0,0,0,0,1,0,0,0,0,0
299700-299900,0,0,0,0,0,0,0,0,0,0,0,0,1,0,0,0,0
299900-300100,0,1,0,0,1,0,0,0,0,0,0,0,0,0,0,0,0
300100-300300,0,0,1,0,2,0,0,0,0,0,1,0,1,0,3,0,0
300300-300900,0,0,1,0,0,0,0,0,0,0,0,0,0,0,1,0,0
300900-301500,0,0,0,0,0,0,0,0,0,0,0,0,0,0,1,0,0
301500-301700,0,0,1,0,1,0,0,0,0,0,0,0,2,0,1,0,1
301700-301800,0,0,1,0,0,0,0,0,0,0,0,0,0,0,1,0,0
301800-300100,0,0,0,0,4,0,0,0,0,1,0,0,0,0,1,0,1
300100-302300,0,0,0,1,1,0,0,0,0,0,1,1,0,0,2,0,0
302300-302400,0,0,0,0,0,0,0,0,0,0,0,0,1,0,0,0,0
302400-302500,0,0,0,0,1,0,0,0,0,0,0,0,1,0,0,0,0
302500-303100,0,0,0,1,1,0,0,0,0,0,1,1,0,0,1,0,1
303100-303400,0,0,1,0,1,0,0,0,0,0,0,0,0,0,1,1,0
303400-303600,0,0,0,0,0,0,0,0,0,0,0,0,0,1,2,0,0
303600-303900,0,0,1,0,0,0,0,0,0,0,0,1,0,0,1,0,0
303900-304200,0,0,0,0,0,0,0,0,0,0,0,0,0,0,1,0,0
304200-304500,0,1,1,0,0,0,0,0,0,1,1,0,0,0,1,0,1
304500-304700,0,0,0,0,2,0,0,0,0,0,0,1,3,0,0,0,0
304700-305400,0,0,0,0,0,0,0,0,0,0,0,0,1,0,0,0,0
305400-305500,0,0,0,0,0,0,0,0,0,0,0,0,1,1,0,0,0
305500-305600,0,0,0,0,1,0,0,0,0,0,0,0,1,1,0,0,1
305600-306000,1,0,0,0,2,0,0,0,0,0,0,0,1,0,0,0,0
306000-306000,0,0,0,0,1,0,0,0,0,0,0,2,0,0,2,0,0
306000-306100,0,1,0,0,0,0,0,0,0,0,0,0,1,0,0,0,0
306100-306500,1,0,0,0,0,0,0,0,0,0,0,0,1,0,1,2,0
306500-307100,0,0,1,1,0,0,0,0,0,0,0,0,2,0,1,0,0
307100-300200,0,0,0,1,0,0,0,0,0,0,0,1,3,0,0,0,0
300200-307300,0,0,1,0,0,0,0,0,0,0,0,0,1,0,1,0,0
307300-307500,1,0,0,0,0,0,0,0,0,0,0,0,0,0,0,0,0
307500-307800,3,0,0,0,0,0,0,0,0,0,0,0,0,0,1,0,0
307800-308100,0,1,1,0,0,0,0,0,0,0,0,0,1,0,2,0,0
308100-308400,0,0,0,0,1,0,0,0,0,0,0,0,0,0,1,0,0
308400-308700,2,1,0,0,1,0,0,0,0,0,0,0,0,0,0,0,0
308700-308900,0,0,0,1,0,0,0,0,0,0,1,0,1,0,0,0,1
308900-309200,1,0,0,0,0,0,0,0,0,0,0,0,1,0,1,0,0
309200-309600,0,0,0,0,1,0,0,0,0,0,0,0,0,0,1,0,0
309600-309900,0,0,0,0,1,0,0,0,0,0,0,0,0,0,1,0,0
309900-310200,0,0,0,0,0,0,0,0,0,0,0,0,0,0,1,0,0
310200-310300,0,0,0,0,0,0,0,0,0,0,0,0,0,0,1,0,0
310300-310500,0,0,1,0,0,0,0,0,0,0,0,2,2,0,1,0,0
310500-310700,0,0,0,0,1,0,0,0,0,1,0,0,2,0,1,0,1
310700-310100,0,0,0,0,0,0,0,1,0,0,0,0,0,0,2,0,0
310100-310800,0,0,0,0,1,0,0,0,0,0,0,0,0,0,0,0,0
310800-311000,0,2,0,0,0,0,0,0,0,0,0,0,1,1,1,0,0
311000-311300,1,0,0,0,0,0,0,0,0,0,0,1,2,0,0,0,0
311300-311800,0,0,0,0,0,0,0,0,0,0,0,0,0,0,1,0,0
311800-312000,0,0,0,0,0,0,0,0,0,0,0,0,1,0,0,0,0
312000-310200,0,0,0,0,0,0,0,0,0,0,1,0,1,0,0,0,1
310200-312400,0,0,0,0,0,0,0,0,0,0,0,1,0,1,3,1,0
312400-313000,3,1,0,0,1,0,0,0,0,0,0,0,0,0,1,0,0
313000-313100,0,1,0,0,2,0,0,0,0,0,0,0,0,0,1,0,0
313100-313300,0,0,0,0,0,0,0,0,0,0,0,0,2,0,0,0,0
313300-313900,0,0,1,0,1,0,0,1,0,0,0,0,1,0,1,0,0
313900-314300,0,0,0,0,1,0,0,0,0,0,0,0,0,0,0,0,0
314300-314400,0,0,0,0,0,0,0,0,0,0,0,0,1,0,1,0,0
314400-314800,0,0,1,0,0,0,0,0,0,0,0,0,1,0,0,0,0
314800-315100,0,0,0,0,0,0,0,0,0,0,0,0,0,0,1,0,0
315100-315500,0,0,0,0,0,0,0,0,0,0,0,1,0,0,0,0,0
315500-315900,0,0,0,0,3,0,0,0,0,0,0,0,1,0,1,0,0
315900-316000,0,0,1,0,3,0,0,0,0,0,0,1,0,0,0,0,0
316000-316100,0,0,0,0,0,0,0,0,0,0,0,0,0,0,1,0,0
316100-316400,0,0,0,0,0,0,0,0,0,0,0,0,0,0,0,0,1
316400-316500,0,0,0,1,0,0,0,0,0,0,0,0,0,0,2,0,0
316500-316700,0,0,0,0,1,0,0,0,0,0,0,0,0,0,0,0,0
316700-317000,0,0,0,0,3,0,0,0,0,0,0,0,0,1,0,0,0
317000-317700,0,0,0,0,0,0,0,0,0,0,0,0,0,0,1,0,0
317700-318000,0,0,0,0,0,0,0,0,0,0,0,0,1,0,1,0,0
318000-318100,0,0,0,0,0,0,0,0,0,0,0,0,1,0,0,0,0
318100-318200,0,0,0,0,2,0,0,0,0,0,0,0,2,0,0,1,0
318200-318400,0,0,0,0,1,0,0,0,0,0,1,0,0,0,1,0,0
318400-318700,0,0,0,0,0,0,0,0,0,0,0,1,0,0,1,0,0
318700-318900,0,0,1,0,0,0,0,0,0,0,0,1,1,0,1,0,0
318900-319200,0,2,0,0,0,0,0,0,0,0,0,0,0,0,0,0,0
319200-319500,0,1,0,0,0,0,0,0,0,0,0,0,0,0,0,1,0
319500-310300,0,0,0,0,0,0,0,0,0,0,0,0,1,0,1,0,0
310300-319700,0,0,0,0,1,0,0,0,0,0,0,0,0,0,1,0,0
319700-320200,0,0,0,0,1,0,0,0,0,0,0,0,3,0,1,0,0
320200-320400,0,0,0,0,0,0,0,0,0,0,0,0,2,0,0,0,0
320400-321000,0,0,0,0,1,0,0,0,0,0,0,0,2,0,0,0,0
321000-321200,0,0,0,0,2,0,0,0,0,0,0,0,1,0,2,0,0
321200-321300,0,0,0,0,1,0,0,0,0,0,0,0,0,0,0,0,0
321300-321600,0,0,0,1,0,0,0,0,0,0,0,0,0,0,0,0,0
321600-322000,0,0,0,0,1,0,0,0,0,0,0,0,0,0,0,0,0
322000-322600,0,1,0,0,1,0,0,0,0,0,0,0,1,0,0,1,0
322600-323100,0,1,0,0,1,0,0,0,0,0,0,1,2,0,1,0,0
323100-323300,0,1,0,0,2,0,0,0,0,0,0,0,0,0,1,0,0
323300-324000,0,0,0,0,0,0,0,0,0,0,0,0,0,0,4,1,0
324000-324000,0,0,0,0,0,0,0,0,0,0,0,0,1,0,1,1,0
324000-324100,0,1,0,1,0,0,0,0,0,0,0,0,0,0,1,0,0
324100-324300,0,0,0,0,1,0,0,0,0,0,0,1,0,0,1,0,0
324300-324500,0,1,0,0,0,0,0,0,0,0,0,0,1,0,0,0,0
324500-320100,0,0,0,0,3,0,0,0,0,0,0,0,1,0,0,0,0
320100-324800,0,0,1,0,0,0,0,0,0,0,0,0,0,0,2,1,0
324800-325000,0,0,0,0,0,0,0,0,0,0,0,0,1,0,1,0,0
325000-325100,1,0,0,1,0,0,0,0,0,0,0,1,1,0,0,0,0
325100-325200,0,0,0,0,0,0,0,0,0,0,0,0,0,0,1,0,0
325200-325900,0,1,0,0,0,0,0,0,0,0,0,1,0,0,0,0,0
325900-326100,0,0,0,0,0,0,0,0,0,0,0,0,1,0,0,0,0
326100-326200,0,0,0,0,0,0,0,0,0,0,0,0,0,0,0,1,0
326200-326800,0,0,0,0,0,0,0,0,0,0,0,0,0,0,1,0,0
326800-327200,0,0,0,0,0,0,0,0,0,0,0,0,0,0,1,0,0
327200-327600,0,0,0,0,0,0,0,0,0,0,0,0,0,0,1,0,0
327600-328000,0,0,0,0,0,0,0,0,0,0,0,0,0,0,1,0,0
328000-328400,0,1,0,0,0,0,0,0,0,0,0,0,0,0,0,0,0
328400-328500,0,0,0,0,0,0,0,0,0,0,0,0,1,0,0,0,0
328500-328700,0,0,0,0,0,0,0,0,0,0,0,0,3,0,2,0,0
328700-329200,0,0,0,0,1,0,0,0,0,0,0,0,0,0,0,0,0
329200-330000,0,0,0,0,2,0,0,0,0,0,0,0,0,0,0,0,0
330000-330100,0,0,0,0,0,0,0,0,0,0,0,1,1,0,0,0,0
330100-330700,0,0,1,0,0,0,0,0,0,1,0,0,0,0,0,0,0
330700-330900,0,1,1,1,0,0,0,0,0,0,0,0,2,0,1,0,0
330900-330100,0,1,0,0,0,0,0,0,0,0,0,0,0,0,2,0,0
330100-331100,0,0,0,0,1,0,0,0,0,0,0,0,0,0,0,0,0
331100-332200,0,0,0,0,0,0,0,0,0,0,0,0,1,0,0,0,0
332200-333000,0,0,0,0,0,0,0,0,0,0,0,0,1,0,1,2,0
333000-333100,1,0,0,0,0,0,0,0,0,0,0,0,0,0,0,0,0
333100-333400,0,0,0,0,0,0,0,0,0,0,0,0,0,0,1,0,0
333400-330200,0,0,0,0,1,0,0,0,0,0,0,0,0,0,0,3,0
330200-333600,0,0,0,0,1,0,0,0,0,0,0,0,0,0,0,0,0
333600-333900,0,0,0,0,1,0,0,0,0,0,0,0,0,0,0,1,0
333900-334000,0,0,0,0,0,0,0,0,0,0,0,1,0,0,0,0,0
334000-334400,0,0,0,0,0,0,0,0,0,0,0,1,1,0,1,0,0
334400-334900,0,0,0,0,1,0,0,0,0,0,0,0,0,0,0,0,0
334900-335300,0,0,0,0,0,0,0,0,0,0,0,0,1,0,0,0,0
335300-335800,0,0,0,0,0,0,0,0,0,0,0,0,2,0,0,0,0
335800-336000,0,0,0,0,0,0,0,0,0,0,0,0,2,0,0,0,0
336000-336200,0,0,0,0,2,0,0,0,0,0,0,0,1,0,0,0,0
336200-336800,0,0,0,0,0,0,0,0,0,0,0,0,0,0,2,0,0
336800-337200,0,0,0,0,0,0,0,0,0,0,0,1,0,0,1,0,0
337200-337300,0,0,0,0,1,0,0,0,0,0,0,0,0,0,1,0,0
337300-337500,0,0,0,0,1,0,0,0,0,0,0,0,0,0,0,0,0
337500-337700,0,0,0,0,1,0,0,0,0,0,0,0,1,0,0,0,0
337700-338100,0,0,0,0,1,0,0,0,0,0,0,0,0,0,0,0,0
338100-338200,0,1,0,0,0,0,0,0,0,0,0,0,0,0,1,0,0
338200-338300,0,0,0,0,0,0,0,0,0,0,0,0,0,0,1,0,0
338300-338700,0,0,0,0,0,0,0,0,0,0,0,0,0,0,0,1,0
338700-330300,0,0,0,0,0,0,0,0,0,0,0,0,0,0,1,0,0
330300-339900,0,0,0,0,0,0,0,0,0,0,0,0,0,0,0,2,0
339900-340300,0,0,0,0,0,0,0,0,0,0,0,0,1,0,0,0,0
340300-341100,0,0,1,0,0,0,0,0,0,0,0,0,0,0,0,0,0
341100-342100,0,0,0,0,0,0,0,0,0,0,0,2,0,0,0,0,0
342100-342500,0,0,0,0,0,0,0,0,0,0,0,1,1,0,0,0,0
342500-342700,0,0,0,0,1,0,0,0,0,0,0,0,1,0,1,0,0
342700-343200,0,0,0,0,1,0,0,0,0,0,0,0,0,0,1,1,0
343200-343800,0,1,0,0,0,0,0,0,0,0,0,0,1,0,0,0,0
343800-344100,0,0,0,0,0,0,0,0,0,0,0,0,2,0,1,0,0
344100-344400,0,0,0,0,1,0,0,0,0,0,1,0,0,0,1,0,0
344400-340100,0,0,0,1,0,0,0,0,0,0,0,0,0,0,1,0,0
340100-344900,0,1,0,0,0,0,0,0,0,0,0,0,0,0,1,0,0
344900-345100,0,0,0,0,0,0,0,0,0,0,0,1,1,0,0,0,0
345100-346000,0,0,0,0,1,0,0,0,0,0,0,1,1,0,0,0,0
346000-346200,0,0,0,0,0,0,0,0,0,0,0,1,0,0,0,0,0
346200-346500,0,0,0,0,1,0,0,0,0,0,0,0,0,0,0,0,0
346500-346700,0,0,0,0,0,0,0,0,0,0,0,1,0,0,0,0,0
346700-347400,0,0,1,0,0,0,0,0,0,0,0,0,1,0,0,0,0
347400-347700,0,0,0,0,0,0,0,0,0,0,0,1,0,0,0,0,0
347700-347900,0,0,0,0,0,0,0,0,0,0,0,0,0,0,0,1,0
347900-348100,0,0,0,0,0,0,0,0,0,0,0,0,1,0,0,0,0
348100-348300,1,0,0,0,1,0,0,0,0,0,0,0,0,0,2,0,0
348300-348800,0,0,0,0,0,0,0,0,0,0,0,0,0,0,1,0,0
348800-350000,0,0,0,0,0,0,0,0,0,0,0,0,0,0,2,0,0
350000-350100,0,0,0,0,0,0,0,0,0,0,0,0,1,0,0,0,0
350100-350200,0,0,0,0,1,0,0,0,0,0,0,0,0,0,0,0,0
350200-350700,0,0,0,0,1,0,0,0,0,0,0,0,0,0,0,0,0
350700-351000,0,0,0,0,0,0,0,0,0,0,0,0,1,0,0,0,0
351000-351400,0,0,0,0,0,0,0,0,0,0,0,0,1,0,0,0,0
351400-352000,0,0,0,0,0,0,0,0,0,0,1,1,0,0,0,0,0
352000-352300,0,0,0,0,0,0,0,0,0,0,0,0,0,0,1,0,0
352300-352800,0,1,0,0,1,0,0,0,0,0,0,0,0,0,0,0,0
352800-353000,0,1,0,0,0,0,0,0,0,0,0,0,0,0,1,0,0
353000-353400,0,0,0,0,0,0,0,0,0,0,1,0,1,0,0,0,0
353400-354800,0,0,0,0,0,0,0,0,0,0,0,0,0,0,0,1,0
354800-355100,0,0,0,0,0,0,0,0,0,0,0,0,1,0,0,0,0
355100-355500,0,0,0,0,0,0,0,0,0,0,0,1,0,0,0,0,0
355500-355700,0,0,0,0,0,0,0,0,0,0,0,0,0,0,1,0,0
355700-356600,0,0,0,0,0,0,0,0,0,0,0,0,0,0,1,0,0
356600-356800,0,0,0,0,0,0,0,0,0,0,0,0,1,0,0,0,0
356800-357800,0,0,0,0,0,0,0,0,0,0,0,0,0,0,0,1,0
357800-358300,0,0,0,0,0,0,0,0,0,0,0,0,1,0,0,0,0
358300-358900,0,0,0,0,0,0,0,0,0,0,0,0,1,0,0,1,0
358900-360200,0,0,0,0,1,0,0,0,0,0,0,0,0,0,0,0,0
360200-360500,1,0,0,0,0,0,0,0,0,0,0,0,0,0,0,0,0
360500-361000,0,0,0,0,0,0,0,0,0,0,0,1,0,0,0,0,0
361000-361100,0,0,0,0,0,0,0,0,0,0,0,1,0,0,0,0,0
361100-361700,0,0,0,0,0,0,0,0,0,0,0,0,0,0,1,0,0
361700-362300,0,0,0,0,1,0,0,0,0,0,0,0,0,0,0,0,0
362300-362800,0,0,0,0,0,0,0,0,0,0,0,0,0,0,1,0,0
362800-362900,0,0,0,0,0,0,0,0,0,0,0,1,0,0,1,1,0
362900-363100,0,0,0,0,0,0,0,0,0,0,0,0,1,0,0,0,0
363100-363200,0,0,0,0,0,0,0,0,0,0,0,0,1,0,0,0,0
363200-364400,0,0,0,0,1,0,0,0,0,0,0,0,0,0,0,0,0
364400-365100,0,0,0,0,1,0,0,0,0,0,0,0,0,0,0,0,0
365100-365400,0,1,0,0,0,0,0,0,0,0,0,0,0,0,0,0,0
365400-365600,0,0,0,0,0,0,0,0,0,0,0,0,1,0,0,0,0
365600-366300,1,0,0,0,0,0,0,0,0,0,0,0,0,0,0,0,0
366300-366700,0,0,0,0,0,0,0,0,0,0,0,0,1,0,0,0,0
366700-367100,0,0,0,0,0,0,0,0,0,0,0,1,0,0,0,0,0
367100-367800,0,0,0,0,0,0,0,0,0,0,0,0,0,0,1,0,0
367800-368200,0,0,0,0,0,0,0,0,0,0,0,1,0,0,0,0,0
368200-368700,0,0,0,0,1,0,0,0,0,0,0,1,0,0,0,0,0
368700-369000,0,1,0,0,0,0,0,0,0,0,0,1,0,0,0,0,0
369000-369100,0,0,0,0,1,0,0,0,0,0,0,0,0,0,0,0,0
369100-369900,0,0,0,0,1,0,0,0,0,0,0,0,1,0,0,0,0
369900-370600,0,0,0,0,0,0,0,1,0,0,0,0,0,0,1,0,0
370600-370700,0,0,0,0,0,0,0,0,0,0,0,1,0,0,1,0,0
370700-372800,0,0,0,0,1,0,0,0,0,0,0,0,0,0,0,0,0
372800-373300,0,0,0,0,1,0,0,0,0,0,0,0,0,0,0,0,0
373300-374100,0,0,0,0,0,0,0,0,0,0,0,0,0,0,1,0,0
374100-374300,0,0,0,0,0,0,0,0,0,0,0,1,0,0,0,0,0
374300-370100,0,0,0,0,1,0,0,0,0,0,0,0,0,0,0,0,0
370100-375600,0,0,1,0,1,0,0,0,0,0,0,0,0,0,0,0,0
375600-376700,0,0,0,0,0,0,0,0,0,0,0,1,0,0,1,0,0
376700-376900,0,0,0,0,1,0,0,0,0,0,0,0,0,0,0,0,0
376900-370200,0,1,0,0,0,0,0,0,0,0,0,0,0,0,0,0,0
370200-378400,0,0,0,0,0,0,0,0,0,0,0,0,0,0,1,1,0
378400-378900,0,0,0,0,0,0,0,0,0,0,0,1,0,0,0,0,0
378900-379500,0,0,0,0,1,0,0,0,0,0,0,0,0,0,0,0,0
379500-379700,0,0,0,0,0,0,0,0,0,0,0,0,1,0,0,0,0
379700-379800,0,0,0,0,0,0,0,0,0,1,0,1,0,0,0,0,0
379800-380400,0,0,0,0,0,0,0,0,0,0,0,0,1,0,0,0,0
380400-381200,0,0,0,0,0,0,0,0,0,0,0,0,0,0,0,1,0
381200-381400,0,0,0,0,0,0,0,0,0,0,0,0,0,0,1,0,0
381400-382300,0,0,0,0,0,0,0,0,0,0,0,0,0,0,0,1,0
382300-382500,0,0,0,0,0,0,0,0,0,0,0,1,0,0,0,0,0
382500-383200,0,0,0,0,0,0,0,0,0,0,0,1,0,0,0,1,0
383200-383700,0,0,0,0,1,0,0,0,0,0,0,0,0,0,0,0,0
383700-384600,0,0,1,0,0,0,0,0,0,0,0,0,0,0,0,0,0
384600-385900,0,0,0,0,1,0,0,0,0,0,0,0,0,0,0,0,0
385900-386500,0,0,0,0,0,0,0,0,0,0,0,0,0,0,0,1,0
386500-386900,0,0,0,0,0,0,0,0,0,0,0,1,0,0,0,0,0
386900-387100,0,0,0,0,0,0,0,0,0,0,0,0,0,0,1,0,0
387100-388200,0,0,0,0,0,0,0,0,0,0,0,0,0,0,0,1,0
388200-380100,0,0,0,0,0,0,0,0,0,0,0,1,0,0,0,0,0
380100-388400,0,0,0,0,0,0,0,0,0,0,0,0,0,0,1,0,0
388400-388600,0,0,0,0,0,0,0,0,0,0,0,0,0,0,1,0,0
388600-388800,0,0,0,0,1,0,0,0,0,0,0,0,0,0,0,0,0
388800-390200,0,0,0,0,0,0,0,0,0,0,0,1,0,0,0,0,0
390200-390400,0,0,0,0,0,0,0,0,0,0,0,0,0,0,0,1,0
390400-390600,0,1,0,0,0,0,0,0,0,0,0,0,0,0,0,0,0
390600-390700,0,0,0,0,0,0,0,0,0,0,0,1,0,0,0,0,0
390700-391700,0,0,0,0,0,0,0,0,0,0,0,0,1,0,0,0,0
391700-392100,0,0,0,0,1,0,0,0,0,0,0,0,0,0,0,0,0
392100-392700,0,0,0,0,1,0,0,0,0,1,0,0,0,0,0,0,0
392700-395100,0,0,0,0,0,0,0,0,0,0,0,0,1,0,0,1,0
395100-396000,0,1,0,0,0,0,0,0,0,0,0,1,0,0,0,0,0
396000-396100,0,0,0,0,0,0,0,0,0,0,0,1,0,0,0,0,0
396100-397600,0,0,0,0,1,0,0,0,0,0,0,0,0,0,0,0,0
397600-398500,0,0,0,0,1,0,0,0,0,0,0,0,0,0,0,0,0
398500-401700,0,0,0,0,2,0,0,0,0,0,0,0,0,0,0,0,0
401700-405900,0,0,0,0,0,0,0,0,0,0,0,1,0,0,0,0,0
405900-406600,0,0,0,0,1,0,0,0,0,0,0,0,0,0,0,0,0
406600-407300,0,0,0,0,0,0,0,0,0,0,0,0,0,0,0,1,0
407300-407400,0,0,0,0,0,0,0,0,0,0,0,1,0,0,0,0,0
407400-408500,0,0,0,0,0,0,0,0,0,0,0,1,0,0,0,0,0
408500-409800,0,0,0,0,1,0,0,0,0,0,0,0,0,0,0,0,0
409800-410400,0,0,0,0,0,0,0,0,0,0,0,0,0,0,0,1,0
410400-410700,0,0,0,0,1,0,0,0,0,0,0,0,0,0,0,0,0
410700-412400,0,0,0,0,1,0,0,0,0,0,0,0,0,0,0,0,0
412400-415600,0,0,0,0,0,0,0,0,0,0,0,0,0,0,0,1,0
415600-416900,0,0,0,0,0,0,0,0,0,0,0,0,0,0,1,0,0
416900-417100,0,0,0,0,1,0,0,0,0,0,0,0,0,0,0,0,0
417100-418600,0,0,0,0,1,0,0,0,0,0,0,0,0,0,0,0,0
418600-420200,0,0,0,0,0,0,0,0,0,0,0,0,0,0,0,1,0
420200-420100,0,0,0,0,0,0,0,0,0,0,0,0,0,0,0,1,0
420100-420800,0,0,0,0,0,0,0,0,0,0,0,0,1,0,0,0,0
420800-421900,0,0,0,0,0,0,0,0,0,0,0,1,0,0,0,0,0
421900-423300,0,0,0,0,0,0,0,0,0,0,0,1,0,0,0,0,0
423300-424600,0,0,0,0,0,0,0,0,0,0,0,0,0,0,0,1,0
424600-425800,0,0,0,0,0,0,0,0,0,0,0,0,1,0,0,0,0
425800-426800,0,0,0,0,1,0,0,0,0,0,0,0,0,0,0,0,0
426800-427100,0,0,0,0,0,0,0,0,0,0,0,1,0,0,0,0,0
427100-427800,0,0,0,0,1,0,0,0,0,0,0,0,0,0,0,0,0
427800-428000,0,0,0,0,0,0,0,0,0,0,0,0,0,0,1,0,0
428000-428600,0,0,0,0,1,0,0,0,0,0,0,0,0,0,0,0,0
428600-431400,0,0,0,0,0,0,0,0,0,0,0,1,0,0,0,0,0
431400-432700,0,0,0,0,0,0,0,0,0,0,0,0,0,0,0,1,0
432700-434400,0,0,0,0,1,0,0,0,0,0,0,0,0,0,0,0,0
434400-437900,0,0,0,0,0,0,0,0,0,0,0,1,0,0,0,0,0
437900-438300,0,0,0,0,0,0,0,0,0,0,0,0,0,0,0,1,0
438300-438700,0,0,0,0,1,0,0,0,0,0,0,0,0,0,0,0,0
438700-441100,0,0,0,0,1,0,0,0,0,0,0,0,0,0,0,0,0
441100-441300,0,0,0,0,1,0,0,0,0,0,0,0,0,0,0,1,0
441300-441800,0,0,0,0,0,0,0,0,0,0,0,0,0,0,0,1,0
441800-444700,0,0,0,0,0,0,0,0,0,0,0,0,0,0,0,1,0
444700-455500,0,0,0,0,0,0,0,0,0,0,0,0,0,0,0,1,0
455500-461500,0,0,0,0,0,0,0,0,0,0,0,0,0,0,0,1,0
461500-463300,0,0,0,0,0,0,0,0,0,0,0,1,0,0,0,0,0
463300-463900,0,0,0,0,0,0,0,0,0,0,0,1,0,0,0,0,0
463900-464600,0,0,0,0,0,0,0,0,0,0,0,0,0,0,0,1,0
464600-469200,0,0,0,0,0,0,0,0,0,0,0,1,0,0,0,0,0
469200-469500,0,0,0,0,1,0,0,0,0,0,0,0,0,0,0,1,0
469500-473800,0,0,0,0,0,0,0,0,0,0,0,0,0,0,0,1,0
473800-476900,0,0,0,0,1,0,0,0,0,0,0,0,0,0,0,0,0
476900-477200,0,0,0,0,0,0,0,0,0,1,0,0,0,0,0,0,0
477200-481100,0,0,0,0,0,0,0,0,0,1,0,0,0,0,0,0,0
481100-481500,0,0,0,0,0,0,0,0,0,0,0,0,0,0,0,2,0
481500-484000,0,0,0,0,0,0,0,0,0,0,0,1,0,0,0,0,0
484000-486700,0,0,0,0,1,0,0,0,0,0,0,0,0,0,0,0,0
486700-488700,0,0,0,0,1,0,0,0,0,0,0,0,0,0,0,0,0
488700-493100,0,0,0,0,1,0,0,0,0,0,0,0,0,0,0,0,0
493100-495000,0,0,0,0,0,0,0,0,0,0,0,0,0,0,0,1,0
495000-497500,0,0,0,0,1,0,0,0,0,0,0,0,0,0,0,0,0
497500-499500,0,0,0,0,0,0,0,0,0,0,0,1,0,0,0,0,0
499500-500000,0,0,0,0,1,0,0,0,0,0,0,0,0,0,0,0,0
500000-500100,0,0,0,0,1,0,0,0,0,0,0,0,0,0,0,0,0
500100-509400,0,0,0,0,0,0,0,0,0,0,0,1,0,0,0,0,0
509400-510100,0,0,0,0,1,0,0,0,0,0,0,0,0,0,0,0,0
510100-513000,0,0,0,0,1,0,0,0,0,0,0,0,0,0,0,0,0
513000-514000,0,0,0,0,1,0,0,0,0,0,0,0,0,0,0,0,0
514000-518600,0,0,0,0,0,0,0,0,0,0,0,1,0,0,0,0,0
518600-529700,0,0,0,0,0,0,0,0,0,0,0,1,0,0,0,0,0
529700-535600,0,0,0,0,1,0,0,0,0,0,0,0,0,0,0,0,0
535600-537700,0,0,0,0,1,0,0,0,0,0,0,0,0,0,0,0,0
537700-541300,0,0,0,0,1,0,0,0,0,0,0,0,0,0,0,0,0
541300-580600,0,0,0,0,0,0,0,0,0,0,0,1,0,0,0,0,0
580600-593700,0,0,0,0,1,0,0,0,0,0,0,0,0,0,0,0,0
593700-595800,0,0,0,0,0,0,0,0,0,0,0,2,0,0,0,0,0
595800-600000,0,0,0,0,1,0,0,0,0,0,0,0,0,0,0,0,0